Monster Doctor,0
Monster Punch (ροζ),0
Monster Πρασινο,0
Monster Λαχανί,0
Monster Γαλάζιο,0
Monster Μπλε,0
Monster Λευκό,0
Monster Punch (μοβ),0
Redbull Μεγάλο,0
Redbull μικρό,0
Redbull light,0
Lucozade Κιτρινο,0
Lucozade Πορτοκαλί,0
Hell Μεγάλο,0
Hell μικρό,0
Smoothie,0
Motion,0
Fusetea,0
Aloe,0
Νερά,0
Jacobs espresso,0
Nescafe κουτάκι,0
Nescafe φακελάκι,0
Ρολό ταμειακής,0
Σπίρτα,0
Bic στυλό,0
Royal τράπουλα,0
Modiano τράπουλα,0
Υπεύθυνη δήλωση,0
Tichu,0
Φάκελος,0
Κάρτες,0
Μπαταρίες Energizer 9V,0
Μπαταρίες Energizer AA,0
Μπαταρίες Energizer AAA,0
Μπαταρίες Energizer C,0
Μπαταρίες Energizer D,0
Μπαταρίες KODAK AAA,0
Μπαταρίες KODAK AA,0
Gilette ξυραφάκι,0
Bic ξυραφάκι,0
Logo,0
Σελοτέιπ,0
Astor λεπίδες,0
Lipton μπουκάλι,0
Lipton κουτάκι,0
Powerade,0
Uhu κόλλα,0
Schweppes,0
Coca Cola,0
Coca Cola zero,0
Coca Cola light,0
Coca Cola zero λεμονι,0
Sprite,0
Λεμονάδα,0
Πορτοκαλάδα,0
Εμπλαστρα,0
Liposan,0
Always σερβιέτες,0
Χτένες,0
Τσιμπιδάκια,0
Colgate οδοντόβουρτσα,0
Colgate οδοντόκρεμα,0
Hansaplast,0
Μάσκες,0
Hankies μαντηλάκια,0
Νυχοκόπτες,0
Zewa χαρτομάντηλα,0
Depon αναβράζον,0
Depon αναβράζον maximum,0
Depon χάπι,0
Ομπρέλες,0
Trident 60,0
Trident max,0
Trident splash,0
Trident senses,0
Trident φακελος,0
Trident Oral-B,0
Natura αντισηπτικό,0
Hearts αντισηπτικό,0
Mentos 45,0
Mentos pure fresh,0
Mentos σωλήνα μέντα,0
Mentos σωλήνα φρούτα,0
Mentos storming,0
Mentos pure μπουκαλάκι,0
Duo προφυλακτικά,0
Durex προφυλακτικά,0
Stop προφυλακτικά,0
Again προφυλακτικά,0
Αναπτήρες,0
Αναπτήρας Bic μικρός,0
Αναπτήρας Bic μεγάλος,0
Zero λαβδα,0
Halls σωλήνα,0
Halls κουτάκι,0
Halls mini,0
Vivident,0
Dentyne,0
Χίου Μαστίχα,0
Fishermans,0
Μηχανή για στριφτό,0
Rizla έτοιμα τσιγάρα,0
Ταμπακιέρα,0
Καπνοθήκη,0
Magic Life,0
Υραέριο,0
Ζιπέλαιο,0
Fini ζελεδάκια,0
Trolli,0
Melody,0
Φίλτρα του παππού,0
Φίλτρα rizla pocket,0
Φίλτρα rizla ultra slim,0
Φίλτρα rizla slim,0
Φίλτρα rizla regular,0
Φίλτρα rizla natura,0
Φίλτρα rizla άνθρακα,0
Swan κίτρινα,0
Swan κόκκινα,0
Swan μαύρα,0
Swan πράσινα,0
Filtraki πράσινο,0
Filtraki μαύρο,0
Φίλτρα Old Holborn μεγάλα,0
Φίλτρα Old Holborn μικρά,0
Ζελεδάκια μάτια,0
Big Babol,0
Tic-tac,0
Bubbaloo mini,0
Fini mini,0
Mentos mini,0
Trident mini,0
Haribo roulette,0
Maoam,0
Wether's βουτύρου καραμέλες,0
Γλειφιτζούρια,0
Fini ζελεδάκια,0
Raw τζιβάνα,0
Raw classic,0
OCB τζιβανα,0
OCB μαυρα μικρά,0
Rizla χαρτάκια σιέλ,0
Rizla χαρτάκια πράσινα,0
Rizla χαρτάκια ασημί,0
Rizla χαρτάκια μπλε,0
Rizla χαρτάκια μαύρα,0
Rizla χαρτάκια micron,0
Rizla χαρτάκια πορτοκαλί,0
Rizla χαρτάκια precision,0
Rizla χαρτάκια άσπρα,0
Rizla χαρτάκια ροζ,0
Rizla χαρτάκια natura,0
Rizla χαρτάκια γλυκόριζα,0
Rizla χαρτάκια κόκκινα,0
Rizla χαρτάκια bamboo,0
Rizla μεγάλα κόκκινα,0
Rizla μεγάλα ασημί,0
Rizla μεγάλα μπλε,0
Rizla μεγάλα micron,0
Rizla μεγάλα πράσινα,0
Rizla μεγάλα ασημί τζιβάνα,0
Rizla μεγάλα precision,0
Rizla μεγάλα natura τζιβανα,0
Haribo ζελεδάκια,0
Ίον γάλακτος 100γρ,0
Ιον αμυγδάλου 100γρ,0
Ιον γάλακτος 70γρ,0
Ιον αμυγδάλου 70γρ,0
Ιον sticks,0
Ιον Break,0
Σοκοφρέτα,0
Derby,0
Χαρτάκια του παππού,0
Gizeh λαχανί,0
Gizeh πράσινο,0
Gizeh λαχανί τζιβάνα,0
Gizeh μαύρο τζιβάνα,0
Σοκολάτα Παυλίδης υγείας,0
Σοκολάτο Παυλίδης,0
Pringles μεγάλα,0
Pringles μικρά,0
3bit,0
Kinder Joy,0
Kinder αυγά,0
Kinder σοκολάτα,0
Kinder bueno,0
Kinder bueno άσπρο,0
Kiss,0
Snickers,0
Bounty,0
Twix,0
Amaretti,0
Amaretti σακουλάκι,0
Mars,0
Maltesers,0
M&Ms,0
Toblerone,0
KitKat,0
Σοκολάτα Lacta,0
Σοκολάτα Milka,0
Crunch,0
Lila Pause,0
Γεμιστά Παπαδοπούλου,0
Cookies Παπαδοπούλου,0
Batonettes,0
Pick Crackers,0
Mini Pick Crackers,0
Oreo,0
Μιράντα Παπαδοπούλου,0
Πτι-μπερ,0
Πτι-μπερ σοκολάτα,0
Caprice μικρά,0
Caprice μεγάλα,0
Cream Crackers,0
Digestive,0