MONSTER DOCTOR,0
MONSTER PUNCH (ΡΟΖ),0
MONSTER ΠΡΑΣΙΝΟ,0
MONSTER ΛΑΧΑΝΙ,0
MONSTER ΓΑΛΑΖΙΟ,0
MONSTER ΜΠΛΕ,0
MONSTER ΛΕΥΚΟ,0
MONSTER PUNCH (ΜΟΒ),0
REDBULL ΜΕΓΑΛΟ,0
REDBULL ΜΙΚΡΟ,0
REDBULL LIGHT,0
LUCOZADE ΚΙΤΡΙΝΟ,0
LUCOZADE ΠΟΡΤΟΚΑΛΙ,0
HELL ΜΕΓΑΛΟ,0
HELL ΜΙΚΡΟ,0
SMOOTHIE,0
MOTION,0
FUSETEA,0
ALOE,0
ΝΕΡΑ,0
JACOBS ESPRESSO,0
NESCAFE ΚΟΥΤΑΚΙ,0
NESCAFE ΦΑΚΕΛΑΚΙ,0
ΡΟΛΟ ΤΑΜΕΙΑΚΗΣ,0
ΣΠΙΡΤΑ,0
BIC ΣΤΥΛΟ,0
ROYAL ΤΡΑΠΟΥΛΑ,0
MODIANO ΤΡΑΠΟΥΛΑ,0
ΥΠΕΥΘΥΝΗ ΔΗΛΩΣΗ,0
TICHU,0
ΦΑΚΕΛΟΣ,0
ΚΑΡΤΕΣ,0
ΜΠΑΤΑΡΙΕΣ ENERGIZER 9V,0
ΜΠΑΤΑΡΙΕΣ ENERGIZER AA,0
ΜΠΑΤΑΡΙΕΣ ENERGIZER AAA,0
ΜΠΑΤΑΡΙΕΣ ENERGIZER C,0
ΜΠΑΤΑΡΙΕΣ ENERGIZER D,0
ΜΠΑΤΑΡΙΕΣ KODAK AAA,0
ΜΠΑΤΑΡΙΕΣ KODAK AA,0
GILETTE ΞΥΡΑΦΑΚΙ,0
BIC ΞΥΡΑΦΑΚΙ,0
LOGO,0
ΣΕΛΟΤΕΪΠ,0
ASTOR ΛΕΠΙΔΕΣ,0
LIPTON ΜΠΟΥΚΑΛΙ,0
LIPTON ΚΟΥΤΑΚΙ,0
POWERADE,0
UHU ΚΟΛΛΑ,0
SCHWEPPES,0
COCA COLA,0
COCA COLA ZERO,0
COCA COLA LIGHT,0
COCA COLA ZERO ΛΕΜΟΝΙ,0
SPRITE,0
ΛΕΜΟΝΑΔΑ,0
ΠΟΡΤΟΚΑΛΑΔΑ,0
ΕΜΠΛΑΣΤΡΑ,0
LIPOSAN,0
ALWAYS ΣΕΡΒΙΕΤΕΣ,0
ΧΤΕΝΕΣ,0
ΤΣΙΜΠΙΔΑΚΙΑ,0
COLGATE ΟΔΟΝΤΟΒΟΥΡΤΣΑ,0
COLGATE ΟΔΟΝΤΟΚΡΕΜΑ,0
HANSAPLAST,0
ΜΑΣΚΕΣ,0
HANKIES ΜΑΝΤΗΛΑΚΙΑ,0
ΝΥΧΟΚΟΠΤΕΣ,0
ZEWA ΧΑΡΤΟΜΑΝΤΗΛΑ,0
DEPON ΑΝΑΒΡΑΖΟΝ,0
DEPON ΑΝΑΒΡΑΖΟΝ MAXIMUM,0
DEPON ΧΑΠΙ,0
ΟΜΠΡΕΛΕΣ,0
TRIDENT 60,0
TRIDENT MAX,0
TRIDENT SPLASH,0
TRIDENT SENSES,0
TRIDENT ΦΑΚΕΛΟΣ,0
TRIDENT ORAL-B,0
NATURA ΑΝΤΙΣΗΠΤΙΚΟ,0
HEARTS ΑΝΤΙΣΗΠΤΙΚΟ,0
MENTOS 45,0
MENTOS PURE FRESH,0
MENTOS ΣΩΛΗΝΑ ΜΕΝΤΑ,0
MENTOS ΣΩΛΗΝΑ ΦΡΟΥΤΑ,0
MENTOS STORMING,0
MENTOS PURE ΜΠΟΥΚΑΛΑΚΙ,0
DUO ΠΡΟΦΥΛΑΚΤΙΚΑ,0
DUREX ΠΡΟΦΥΛΑΚΤΙΚΑ,0
STOP ΠΡΟΦΥΛΑΚΤΙΚΑ,0
AGAIN ΠΡΟΦΥΛΑΚΤΙΚΑ,0
ΑΝΑΠΤΗΡΕΣ,0
ΑΝΑΠΤΗΡΑΣ BIC ΜΙΚΡΟΣ,0
ΑΝΑΠΤΗΡΑΣ BIC ΜΕΓΑΛΟΣ,0
ZERO ΛΑΒΔΑ,0
HALLS ΣΩΛΗΝΑ,0
HALLS ΚΟΥΤΑΚΙ,0
HALLS MINI,0
VIVIDENT,0
DENTYNE,0
ΧΙΟΥ ΜΑΣΤΙΧΑ,0
FISHERMANS,0
ΜΗΧΑΝΗ ΓΙΑ ΣΤΡΙΦΤΟ,0
RIZLA ΕΤΟΙΜΑ ΤΣΙΓΑΡΑ,0
ΤΑΜΠΑΚΙΕΡΑ,0
ΚΑΠΝΟΘΗΚΗ,0
MAGIC LIFE,0
ΥΡΑΕΡΙΟ,0
ΖΙΠΕΛΑΙΟ,0
FINI ΖΕΛΕΔΑΚΙΑ,0
TROLLI,0
MELODY,0
ΦΙΛΤΡΑ ΤΟΥ ΠΑΠΠΟΥ,0
ΦΙΛΤΡΑ RIZLA POCKET,0
ΦΙΛΤΡΑ RIZLA ULTRA SLIM,0
ΦΙΛΤΡΑ RIZLA SLIM,0
ΦΙΛΤΡΑ RIZLA REGULAR,0
ΦΙΛΤΡΑ RIZLA NATURA,0
ΦΙΛΤΡΑ RIZLA ΑΝΘΡΑΚΑ,0
SWAN ΚΙΤΡΙΝΑ,0
SWAN ΚΟΚΚΙΝΑ,0
SWAN ΜΑΥΡΑ,0
SWAN ΠΡΑΣΙΝΑ,0
FILTRAKI ΠΡΑΣΙΝΟ,0
FILTRAKI ΜΑΥΡΟ,0
ΦΙΛΤΡΑ OLD HOLBORN ΜΕΓΑΛΑ,0
ΦΙΛΤΡΑ OLD HOLBORN ΜΙΚΡΑ,0
ΖΕΛΕΔΑΚΙΑ ΜΑΤΙΑ,0
BIG BABOL,0
TIC-TAC,0
BUBBALOO MINI,0
FINI MINI,0
MENTOS MINI,0
TRIDENT MINI,0
HARIBO ROULETTE,0
MAOAM,0
WETHER'S ΒΟΥΤΥΡΟΥ ΚΑΡΑΜΕΛΕΣ,0
ΓΛΕΙΦΙΤΖΟΥΡΙΑ,0
FINI ΖΕΛΕΔΑΚΙΑ,0
RAW ΤΖΙΒΑΝΑ,0
RAW CLASSIC,0
OCB ΤΖΙΒΑΝΑ,0
OCB ΜΑΥΡΑ ΜΙΚΡΑ,0
RIZLA ΧΑΡΤΑΚΙΑ ΣΙΕΛ,0
RIZLA ΧΑΡΤΑΚΙΑ ΠΡΑΣΙΝΑ,0
RIZLA ΧΑΡΤΑΚΙΑ ΑΣΗΜΙ,0
RIZLA ΧΑΡΤΑΚΙΑ ΜΠΛΕ,0
RIZLA ΧΑΡΤΑΚΙΑ ΜΑΥΡΑ,0
RIZLA ΧΑΡΤΑΚΙΑ MICRON,0
RIZLA ΧΑΡΤΑΚΙΑ ΠΟΡΤΟΚΑΛΙ,0
RIZLA ΧΑΡΤΑΚΙΑ PRECISION,0
RIZLA ΧΑΡΤΑΚΙΑ ΑΣΠΡΑ,0
RIZLA ΧΑΡΤΑΚΙΑ ΡΟΖ,0
RIZLA ΧΑΡΤΑΚΙΑ NATURA,0
RIZLA ΧΑΡΤΑΚΙΑ ΓΛΥΚΟΡΙΖΑ,0
RIZLA ΧΑΡΤΑΚΙΑ ΚΟΚΚΙΝΑ,0
RIZLA ΧΑΡΤΑΚΙΑ BAMBOO,0
RIZLA ΜΕΓΑΛΑ ΚΟΚΚΙΝΑ,0
RIZLA ΜΕΓΑΛΑ ΑΣΗΜΙ,0
RIZLA ΜΕΓΑΛΑ ΜΠΛΕ,0
RIZLA ΜΕΓΑΛΑ MICRON,0
RIZLA ΜΕΓΑΛΑ ΠΡΑΣΙΝΑ,0
RIZLA ΜΕΓΑΛΑ ΑΣΗΜΙ ΤΖΙΒΑΝΑ,0
RIZLA ΜΕΓΑΛΑ PRECISION,0
RIZLA ΜΕΓΑΛΑ NATURA ΤΖΙΒΑΝΑ,0
HARIBO ΖΕΛΕΔΑΚΙΑ,0
ΙΟΝ ΓΑΛΑΚΤΟΣ 100ΓΡ,0
ΙΟΝ ΑΜΥΓΔΑΛΟΥ 100ΓΡ,0
ΙΟΝ ΓΑΛΑΚΤΟΣ 70ΓΡ,0
ΙΟΝ ΑΜΥΓΔΑΛΟΥ 70ΓΡ,0
ΙΟΝ STICKS,0
ΙΟΝ BREAK,0
ΣΟΚΟΦΡΕΤΑ,0
DERBY,0
ΧΑΡΤΑΚΙΑ ΤΟΥ ΠΑΠΠΟΥ,0
GIZEH ΛΑΧΑΝΙ,0
GIZEH ΠΡΑΣΙΝΟ,0
GIZEH ΛΑΧΑΝΙ ΤΖΙΒΑΝΑ,0
GIZEH ΜΑΥΡΟ ΤΖΙΒΑΝΑ,0
ΣΟΚΟΛΑΤΑ ΠΑΥΛΙΔΗΣ ΥΓΕΙΑΣ,0
ΣΟΚΟΛΑΤΟ ΠΑΥΛΙΔΗΣ,0
PRINGLES ΜΕΓΑΛΑ,0
PRINGLES ΜΙΚΡΑ,0
3BIT,0
KINDER JOY,0
KINDER ΑΥΓΑ,0
KINDER ΣΟΚΟΛΑΤΑ,0
KINDER BUENO,0
KINDER BUENO ΑΣΠΡΟ,0
KISS,0
SNICKERS,0
BOUNTY,0
TWIX,0
AMARETTI,0
AMARETTI ΣΑΚΟΥΛΑΚΙ,0
MARS,0
MALTESERS,0
M&MS,0
TOBLERONE,0
KITKAT,0
ΣΟΚΟΛΑΤΑ LACTA,0
ΣΟΚΟΛΑΤΑ MILKA,0
CRUNCH,0
LILA PAUSE,0
ΓΕΜΙΣΤΑ ΠΑΠΑΔΟΠΟΥΛΟΥ,0
COOKIES ΠΑΠΑΔΟΠΟΥΛΟΥ,0
BATONETTES,0
PICK CRACKERS,0
MINI PICK CRACKERS,0
OREO,0
ΜΙΡΑΝΤΑ ΠΑΠΑΔΟΠΟΥΛΟΥ,0
ΠΤΙ-ΜΠΕΡ,0
ΠΤΙ-ΜΠΕΡ ΣΟΚΟΛΑΤΑ,0
CAPRICE ΜΙΚΡΑ,0
CAPRICE ΜΕΓΑΛΑ,0
CREAM CRACKERS,0
DIGESTIVE,0